andor_practitioner_id,andor_org_guid,encounter_count,run_id
PROV_9999930792,ANDOR_ORG_419,1538,andor1000_placeholder
PROV_9999935791,ANDOR_ORG_069,1525,andor1000_placeholder
PROV_9999999193,ANDOR_ORG_481,1235,andor1000_placeholder
PROV_9999935593,ANDOR_ORG_347,1193,andor1000_placeholder
PROV_9999995696,ANDOR_ORG_425,953,andor1000_placeholder
PROV_9999997296,ANDOR_ORG_452,938,andor1000_placeholder
PROV_9999935692,ANDOR_ORG_570,852,andor1000_placeholder
PROV_9999991794,ANDOR_ORG_552,845,andor1000_placeholder
PROV_9999989798,ANDOR_ORG_673,810,andor1000_placeholder
PROV_9999989392,ANDOR_ORG_314,799,andor1000_placeholder
PROV_9999995498,ANDOR_ORG_691,780,andor1000_placeholder
PROV_9999975193,ANDOR_ORG_636,772,andor1000_placeholder
PROV_9999998591,ANDOR_ORG_401,766,andor1000_placeholder
PROV_9999993691,ANDOR_ORG_448,737,andor1000_placeholder
PROV_9999996595,ANDOR_ORG_629,705,andor1000_placeholder
PROV_9999994293,ANDOR_ORG_577,687,andor1000_placeholder
PROV_9999991299,ANDOR_ORG_329,679,andor1000_placeholder
PROV_9999995597,ANDOR_ORG_150,652,andor1000_placeholder
PROV_9999992693,ANDOR_ORG_181,606,andor1000_placeholder
PROV_9999996991,ANDOR_ORG_356,587,andor1000_placeholder
PROV_9999986992,ANDOR_ORG_415,562,andor1000_placeholder
PROV_9999992594,ANDOR_ORG_766,557,andor1000_placeholder
PROV_9999979997,ANDOR_ORG_130,555,andor1000_placeholder
PROV_9999996496,ANDOR_ORG_512,552,andor1000_placeholder
PROV_9999993097,ANDOR_ORG_625,544,andor1000_placeholder
PROV_9999992495,ANDOR_ORG_618,528,andor1000_placeholder
PROV_9999990499,ANDOR_ORG_742,502,andor1000_placeholder
PROV_9999983197,ANDOR_ORG_096,500,andor1000_placeholder
PROV_9999995399,ANDOR_ORG_341,495,andor1000_placeholder
PROV_9999986893,ANDOR_ORG_560,476,andor1000_placeholder
PROV_9999983296,ANDOR_ORG_670,465,andor1000_placeholder
PROV_9999993196,ANDOR_ORG_558,454,andor1000_placeholder
PROV_9999999797,ANDOR_ORG_256,451,andor1000_placeholder
PROV_9999977892,ANDOR_ORG_350,444,andor1000_placeholder
PROV_9999987396,ANDOR_ORG_544,429,andor1000_placeholder
PROV_9999990994,ANDOR_ORG_678,412,andor1000_placeholder
PROV_9999998898,ANDOR_ORG_525,410,andor1000_placeholder
PROV_9999989699,ANDOR_ORG_500,406,andor1000_placeholder
PROV_9999982298,ANDOR_ORG_518,401,andor1000_placeholder
PROV_9999999490,ANDOR_ORG_373,400,andor1000_placeholder
PROV_9999997197,ANDOR_ORG_092,393,andor1000_placeholder
PROV_9999988196,ANDOR_ORG_478,378,andor1000_placeholder
PROV_9999990192,ANDOR_ORG_446,376,andor1000_placeholder
PROV_9999997890,ANDOR_ORG_068,347,andor1000_placeholder
PROV_9999996090,ANDOR_ORG_580,339,andor1000_placeholder
PROV_9999993790,ANDOR_ORG_624,330,andor1000_placeholder
PROV_9999978593,ANDOR_ORG_216,327,andor1000_placeholder
PROV_9999990697,ANDOR_ORG_109,321,andor1000_placeholder
PROV_9999998195,ANDOR_ORG_156,314,andor1000_placeholder
PROV_9999978890,ANDOR_ORG_739,305,andor1000_placeholder
PROV_9999991596,ANDOR_ORG_632,302,andor1000_placeholder
PROV_9999999995,ANDOR_ORG_480,301,andor1000_placeholder
PROV_9999978999,ANDOR_ORG_706,293,andor1000_placeholder
PROV_9999987792,ANDOR_ORG_063,291,andor1000_placeholder
PROV_9999938993,ANDOR_ORG_697,291,andor1000_placeholder
PROV_9999985598,ANDOR_ORG_392,289,andor1000_placeholder
PROV_9999992396,ANDOR_ORG_083,281,andor1000_placeholder
PROV_9999996694,ANDOR_ORG_273,280,andor1000_placeholder
PROV_9999984898,ANDOR_ORG_702,278,andor1000_placeholder
PROV_9999996199,ANDOR_ORG_075,277,andor1000_placeholder
PROV_9999992198,ANDOR_ORG_258,265,andor1000_placeholder
PROV_9999919696,ANDOR_ORG_764,250,andor1000_placeholder
PROV_9999993493,ANDOR_ORG_712,247,andor1000_placeholder
PROV_9999990796,ANDOR_ORG_417,241,andor1000_placeholder
PROV_9999996298,ANDOR_ORG_443,239,andor1000_placeholder
PROV_9999993394,ANDOR_ORG_705,234,andor1000_placeholder
PROV_9999993295,ANDOR_ORG_348,230,andor1000_placeholder
PROV_9999996397,ANDOR_ORG_007,226,andor1000_placeholder
PROV_9999988899,ANDOR_ORG_228,225,andor1000_placeholder
PROV_9999998492,ANDOR_ORG_093,213,andor1000_placeholder
PROV_9999998096,ANDOR_ORG_599,211,andor1000_placeholder
PROV_9999999292,ANDOR_ORG_249,210,andor1000_placeholder
PROV_9999987891,ANDOR_ORG_320,204,andor1000_placeholder
PROV_9999998690,ANDOR_ORG_743,204,andor1000_placeholder
PROV_9999985994,ANDOR_ORG_078,203,andor1000_placeholder
PROV_9999996892,ANDOR_ORG_372,198,andor1000_placeholder
PROV_9999977991,ANDOR_ORG_463,197,andor1000_placeholder
PROV_9999984393,ANDOR_ORG_668,194,andor1000_placeholder
PROV_9999982199,ANDOR_ORG_358,192,andor1000_placeholder
PROV_9999990093,ANDOR_ORG_338,189,andor1000_placeholder
PROV_9999994798,ANDOR_ORG_617,188,andor1000_placeholder
PROV_9999995795,ANDOR_ORG_608,187,andor1000_placeholder
PROV_9999989996,ANDOR_ORG_426,186,andor1000_placeholder
PROV_9999971598,ANDOR_ORG_002,186,andor1000_placeholder
PROV_9999991398,ANDOR_ORG_088,183,andor1000_placeholder
PROV_9999997999,ANDOR_ORG_685,181,andor1000_placeholder
PROV_9999980292,ANDOR_ORG_012,181,andor1000_placeholder
PROV_9999994590,ANDOR_ORG_499,179,andor1000_placeholder
PROV_9999985192,ANDOR_ORG_394,178,andor1000_placeholder
PROV_9999999599,ANDOR_ORG_041,177,andor1000_placeholder
PROV_9999999896,ANDOR_ORG_290,177,andor1000_placeholder
PROV_9999989194,ANDOR_ORG_487,175,andor1000_placeholder
PROV_9999997098,ANDOR_ORG_385,173,andor1000_placeholder
PROV_9999983999,ANDOR_ORG_277,169,andor1000_placeholder
PROV_9999990895,ANDOR_ORG_595,162,andor1000_placeholder
PROV_9999989095,ANDOR_ORG_100,162,andor1000_placeholder
PROV_9999950592,ANDOR_ORG_703,148,andor1000_placeholder
PROV_9999986596,ANDOR_ORG_125,147,andor1000_placeholder
PROV_9999954990,ANDOR_ORG_640,146,andor1000_placeholder
PROV_9999991695,ANDOR_ORG_198,145,andor1000_placeholder
PROV_9999995993,ANDOR_ORG_370,144,andor1000_placeholder
PROV_9999994194,ANDOR_ORG_553,144,andor1000_placeholder
PROV_9999947994,ANDOR_ORG_474,143,andor1000_placeholder
PROV_9999990390,ANDOR_ORG_380,142,andor1000_placeholder
PROV_9999952499,ANDOR_ORG_466,142,andor1000_placeholder
PROV_9999982595,ANDOR_ORG_589,142,andor1000_placeholder
PROV_9999991992,ANDOR_ORG_713,140,andor1000_placeholder
PROV_9999981290,ANDOR_ORG_752,140,andor1000_placeholder
PROV_9999970897,ANDOR_ORG_036,140,andor1000_placeholder
PROV_9999982694,ANDOR_ORG_399,138,andor1000_placeholder
PROV_9999970293,ANDOR_ORG_251,137,andor1000_placeholder
PROV_9999991893,ANDOR_ORG_132,136,andor1000_placeholder
PROV_9999987693,ANDOR_ORG_327,136,andor1000_placeholder
PROV_9999995290,ANDOR_ORG_157,135,andor1000_placeholder
PROV_9999994897,ANDOR_ORG_710,134,andor1000_placeholder
PROV_9999991091,ANDOR_ORG_441,133,andor1000_placeholder
PROV_9999964999,ANDOR_ORG_107,130,andor1000_placeholder
PROV_9999998294,ANDOR_ORG_318,129,andor1000_placeholder
PROV_9999988691,ANDOR_ORG_084,129,andor1000_placeholder
PROV_9999955690,ANDOR_ORG_122,125,andor1000_placeholder
PROV_9999992891,ANDOR_ORG_489,124,andor1000_placeholder
PROV_9999992297,ANDOR_ORG_468,122,andor1000_placeholder
PROV_9999968099,ANDOR_ORG_111,121,andor1000_placeholder
PROV_9999982090,ANDOR_ORG_597,121,andor1000_placeholder
PROV_9999941690,ANDOR_ORG_433,120,andor1000_placeholder
PROV_9999987198,ANDOR_ORG_524,120,andor1000_placeholder
PROV_9999988493,ANDOR_ORG_747,120,andor1000_placeholder
PROV_9999994095,ANDOR_ORG_299,118,andor1000_placeholder
PROV_9999953091,ANDOR_ORG_400,118,andor1000_placeholder
PROV_9999946996,ANDOR_ORG_637,115,andor1000_placeholder
PROV_9999993998,ANDOR_ORG_239,115,andor1000_placeholder
PROV_9999971796,ANDOR_ORG_462,114,andor1000_placeholder
PROV_9999973396,ANDOR_ORG_391,113,andor1000_placeholder
PROV_9999938597,ANDOR_ORG_123,113,andor1000_placeholder
PROV_9999985697,ANDOR_ORG_220,113,andor1000_placeholder
PROV_9999981399,ANDOR_ORG_539,111,andor1000_placeholder
PROV_9999979195,ANDOR_ORG_456,111,andor1000_placeholder
PROV_9999995191,ANDOR_ORG_435,107,andor1000_placeholder
PROV_9999951699,ANDOR_ORG_530,105,andor1000_placeholder
PROV_9999997692,ANDOR_ORG_683,105,andor1000_placeholder
PROV_9999981597,ANDOR_ORG_082,104,andor1000_placeholder
PROV_9999999094,ANDOR_ORG_272,101,andor1000_placeholder
PROV_9999951194,ANDOR_ORG_201,100,andor1000_placeholder
PROV_9999992792,ANDOR_ORG_207,100,andor1000_placeholder
PROV_9999948992,ANDOR_ORG_146,100,andor1000_placeholder
PROV_9999974592,ANDOR_ORG_131,99,andor1000_placeholder
PROV_9999999698,ANDOR_ORG_304,99,andor1000_placeholder
PROV_9999988592,ANDOR_ORG_369,97,andor1000_placeholder
PROV_9999974394,ANDOR_ORG_212,97,andor1000_placeholder
PROV_9999985291,ANDOR_ORG_598,97,andor1000_placeholder
PROV_9999972190,ANDOR_ORG_019,96,andor1000_placeholder
PROV_9999971390,ANDOR_ORG_094,95,andor1000_placeholder
PROV_9999973297,ANDOR_ORG_325,95,andor1000_placeholder
PROV_9999942490,ANDOR_ORG_108,94,andor1000_placeholder
PROV_9999989590,ANDOR_ORG_458,94,andor1000_placeholder
PROV_9999984096,ANDOR_ORG_353,94,andor1000_placeholder
PROV_9999959296,ANDOR_ORG_457,94,andor1000_placeholder
PROV_9999952390,ANDOR_ORG_566,93,andor1000_placeholder
PROV_9999940692,ANDOR_ORG_051,93,andor1000_placeholder
PROV_9999984690,ANDOR_ORG_432,93,andor1000_placeholder
PROV_9999986497,ANDOR_ORG_022,93,andor1000_placeholder
PROV_9999956995,ANDOR_ORG_309,93,andor1000_placeholder
PROV_9999989491,ANDOR_ORG_202,93,andor1000_placeholder
PROV_9999991190,ANDOR_ORG_257,91,andor1000_placeholder
PROV_9999956094,ANDOR_ORG_374,91,andor1000_placeholder
PROV_9999950790,ANDOR_ORG_581,91,andor1000_placeholder
PROV_9999970491,ANDOR_ORG_438,90,andor1000_placeholder
PROV_9999971499,ANDOR_ORG_407,90,andor1000_placeholder
PROV_9999997791,ANDOR_ORG_759,90,andor1000_placeholder
PROV_9999965798,ANDOR_ORG_013,90,andor1000_placeholder
PROV_9999982892,ANDOR_ORG_450,90,andor1000_placeholder
PROV_9999946897,ANDOR_ORG_576,86,andor1000_placeholder
PROV_9999912295,ANDOR_ORG_016,85,andor1000_placeholder
PROV_9999994996,ANDOR_ORG_193,85,andor1000_placeholder
PROV_9999948497,ANDOR_ORG_349,85,andor1000_placeholder
PROV_9999984294,ANDOR_ORG_010,83,andor1000_placeholder
PROV_9999950899,ANDOR_ORG_630,83,andor1000_placeholder
PROV_9999967299,ANDOR_ORG_367,82,andor1000_placeholder
PROV_9999972695,ANDOR_ORG_079,81,andor1000_placeholder
PROV_9999955393,ANDOR_ORG_163,81,andor1000_placeholder
PROV_9999979591,ANDOR_ORG_029,81,andor1000_placeholder
PROV_9999995092,ANDOR_ORG_076,81,andor1000_placeholder
PROV_9999950394,ANDOR_ORG_744,80,andor1000_placeholder
PROV_9999943993,ANDOR_ORG_729,80,andor1000_placeholder
PROV_9999985093,ANDOR_ORG_215,80,andor1000_placeholder
PROV_9999972497,ANDOR_ORG_091,79,andor1000_placeholder
PROV_9999986398,ANDOR_ORG_596,79,andor1000_placeholder
PROV_9999976696,ANDOR_ORG_521,79,andor1000_placeholder
PROV_9999985499,ANDOR_ORG_671,78,andor1000_placeholder
PROV_9999947796,ANDOR_ORG_451,78,andor1000_placeholder
PROV_9999938795,ANDOR_ORG_261,78,andor1000_placeholder
PROV_9999940791,ANDOR_ORG_503,77,andor1000_placeholder
PROV_9999999391,ANDOR_ORG_398,77,andor1000_placeholder
PROV_9999939694,ANDOR_ORG_192,76,andor1000_placeholder
PROV_9999955195,ANDOR_ORG_009,76,andor1000_placeholder
PROV_9999945097,ANDOR_ORG_127,76,andor1000_placeholder
PROV_9999984195,ANDOR_ORG_477,75,andor1000_placeholder
PROV_9999980896,ANDOR_ORG_260,75,andor1000_placeholder
PROV_9999968297,ANDOR_ORG_288,74,andor1000_placeholder
PROV_9999994491,ANDOR_ORG_167,74,andor1000_placeholder
PROV_9999998799,ANDOR_ORG_655,74,andor1000_placeholder
PROV_9999937599,ANDOR_ORG_001,73,andor1000_placeholder
PROV_9999973198,ANDOR_ORG_054,73,andor1000_placeholder
PROV_9999979393,ANDOR_ORG_364,73,andor1000_placeholder
PROV_9999947598,ANDOR_ORG_649,72,andor1000_placeholder
PROV_9999971994,ANDOR_ORG_140,71,andor1000_placeholder
PROV_9999975490,ANDOR_ORG_660,71,andor1000_placeholder
PROV_9999923193,ANDOR_ORG_734,70,andor1000_placeholder
PROV_9999923797,ANDOR_ORG_351,69,andor1000_placeholder
PROV_9999941393,ANDOR_ORG_006,68,andor1000_placeholder
PROV_9999928697,ANDOR_ORG_090,67,andor1000_placeholder
PROV_9999998393,ANDOR_ORG_719,67,andor1000_placeholder
PROV_9999950295,ANDOR_ORG_470,66,andor1000_placeholder
PROV_9999937698,ANDOR_ORG_646,66,andor1000_placeholder
PROV_9999989293,ANDOR_ORG_628,66,andor1000_placeholder
PROV_9999938191,ANDOR_ORG_659,66,andor1000_placeholder
PROV_9999989897,ANDOR_ORG_767,66,andor1000_placeholder
PROV_9999944595,ANDOR_ORG_626,65,andor1000_placeholder
PROV_9999972091,ANDOR_ORG_134,65,andor1000_placeholder
PROV_9999954297,ANDOR_ORG_606,65,andor1000_placeholder
PROV_9999992099,ANDOR_ORG_592,65,andor1000_placeholder
PROV_9999947291,ANDOR_ORG_073,65,andor1000_placeholder
PROV_9999969790,ANDOR_ORG_017,65,andor1000_placeholder
PROV_9999983395,ANDOR_ORG_453,64,andor1000_placeholder
PROV_9999952895,ANDOR_ORG_686,64,andor1000_placeholder
PROV_9999995894,ANDOR_ORG_265,64,andor1000_placeholder
PROV_9999940296,ANDOR_ORG_119,64,andor1000_placeholder
PROV_9999983494,ANDOR_ORG_166,63,andor1000_placeholder
PROV_9999942391,ANDOR_ORG_282,63,andor1000_placeholder
PROV_9999945295,ANDOR_ORG_381,63,andor1000_placeholder
PROV_9999952291,ANDOR_ORG_183,63,andor1000_placeholder
PROV_9999939199,ANDOR_ORG_129,63,andor1000_placeholder
PROV_9999997593,ANDOR_ORG_155,63,andor1000_placeholder
PROV_9999946590,ANDOR_ORG_656,62,andor1000_placeholder
PROV_9999952796,ANDOR_ORG_247,62,andor1000_placeholder
PROV_9999980490,ANDOR_ORG_527,62,andor1000_placeholder
PROV_9999967893,ANDOR_ORG_707,62,andor1000_placeholder
PROV_9999992990,ANDOR_ORG_483,62,andor1000_placeholder
PROV_9999941997,ANDOR_ORG_237,62,andor1000_placeholder
PROV_9999970095,ANDOR_ORG_340,61,andor1000_placeholder
PROV_9999957191,ANDOR_ORG_126,61,andor1000_placeholder
PROV_9999990598,ANDOR_ORG_723,61,andor1000_placeholder
PROV_9999945592,ANDOR_ORG_496,60,andor1000_placeholder
PROV_9999940494,ANDOR_ORG_377,60,andor1000_placeholder
PROV_9999944397,ANDOR_ORG_368,60,andor1000_placeholder
PROV_9999979898,ANDOR_ORG_644,60,andor1000_placeholder
PROV_9999993592,ANDOR_ORG_248,59,andor1000_placeholder
PROV_9999966291,ANDOR_ORG_411,59,andor1000_placeholder
PROV_9999943290,ANDOR_ORG_112,59,andor1000_placeholder
PROV_9999971093,ANDOR_ORG_479,58,andor1000_placeholder
PROV_9999981696,ANDOR_ORG_059,58,andor1000_placeholder
PROV_9999969493,ANDOR_ORG_460,57,andor1000_placeholder
PROV_9999920991,ANDOR_ORG_471,57,andor1000_placeholder
PROV_9999988790,ANDOR_ORG_213,57,andor1000_placeholder
PROV_9999959999,ANDOR_ORG_495,57,andor1000_placeholder
PROV_9999969097,ANDOR_ORG_402,57,andor1000_placeholder
PROV_9999954396,ANDOR_ORG_047,57,andor1000_placeholder
PROV_9999940890,ANDOR_ORG_060,57,andor1000_placeholder
PROV_9999949594,ANDOR_ORG_587,56,andor1000_placeholder
PROV_9999978791,ANDOR_ORG_664,56,andor1000_placeholder
PROV_9999960898,ANDOR_ORG_219,55,andor1000_placeholder
PROV_9999919498,ANDOR_ORG_003,54,andor1000_placeholder
PROV_9999969394,ANDOR_ORG_055,54,andor1000_placeholder
PROV_9999951798,ANDOR_ORG_768,53,andor1000_placeholder
PROV_9999969998,ANDOR_ORG_081,53,andor1000_placeholder
PROV_9999950493,ANDOR_ORG_154,53,andor1000_placeholder
PROV_9999957993,ANDOR_ORG_162,53,andor1000_placeholder
PROV_9999941096,ANDOR_ORG_652,53,andor1000_placeholder
PROV_9999988097,ANDOR_ORG_254,53,andor1000_placeholder
PROV_9999949297,ANDOR_ORG_050,53,andor1000_placeholder
PROV_9999939397,ANDOR_ORG_412,53,andor1000_placeholder
PROV_9999940999,ANDOR_ORG_147,52,andor1000_placeholder
PROV_9999968693,ANDOR_ORG_246,52,andor1000_placeholder
PROV_9999955591,ANDOR_ORG_159,52,andor1000_placeholder
PROV_9999937896,ANDOR_ORG_733,52,andor1000_placeholder
PROV_9999972596,ANDOR_ORG_224,52,andor1000_placeholder
PROV_9999942094,ANDOR_ORG_196,52,andor1000_placeholder
PROV_9999948299,ANDOR_ORG_760,52,andor1000_placeholder
PROV_9999973990,ANDOR_ORG_700,51,andor1000_placeholder
PROV_9999978098,ANDOR_ORG_346,50,andor1000_placeholder
PROV_9999997494,ANDOR_ORG_551,50,andor1000_placeholder
PROV_9999971291,ANDOR_ORG_244,50,andor1000_placeholder
PROV_9999962290,ANDOR_ORG_225,50,andor1000_placeholder
PROV_9999970798,ANDOR_ORG_359,50,andor1000_placeholder
PROV_9999943498,ANDOR_ORG_534,50,andor1000_placeholder
PROV_9999983593,ANDOR_ORG_571,49,andor1000_placeholder
PROV_9999974097,ANDOR_ORG_507,49,andor1000_placeholder
PROV_9999958090,ANDOR_ORG_026,49,andor1000_placeholder
PROV_9999945196,ANDOR_ORG_386,48,andor1000_placeholder
PROV_9999948695,ANDOR_ORG_312,48,andor1000_placeholder
PROV_9999951392,ANDOR_ORG_056,48,andor1000_placeholder
PROV_9999977496,ANDOR_ORG_235,48,andor1000_placeholder
PROV_9999949099,ANDOR_ORG_101,47,andor1000_placeholder
PROV_9999942896,ANDOR_ORG_445,47,andor1000_placeholder
PROV_9999980094,ANDOR_ORG_422,47,andor1000_placeholder
PROV_9999970392,ANDOR_ORG_564,47,andor1000_placeholder
PROV_9999959593,ANDOR_ORG_509,46,andor1000_placeholder
PROV_9999986695,ANDOR_ORG_679,46,andor1000_placeholder
PROV_9999946095,ANDOR_ORG_105,46,andor1000_placeholder
PROV_9999950691,ANDOR_ORG_738,46,andor1000_placeholder
PROV_9999945998,ANDOR_ORG_616,46,andor1000_placeholder
PROV_9999926493,ANDOR_ORG_672,45,andor1000_placeholder
PROV_9999963397,ANDOR_ORG_222,45,andor1000_placeholder
PROV_9999955096,ANDOR_ORG_440,45,andor1000_placeholder
PROV_9999951590,ANDOR_ORG_515,45,andor1000_placeholder
PROV_9999954693,ANDOR_ORG_467,45,andor1000_placeholder
PROV_9999962894,ANDOR_ORG_647,44,andor1000_placeholder
PROV_9999963991,ANDOR_ORG_406,44,andor1000_placeholder
PROV_9999952093,ANDOR_ORG_461,44,andor1000_placeholder
PROV_9999964197,ANDOR_ORG_494,44,andor1000_placeholder
PROV_9999987594,ANDOR_ORG_651,44,andor1000_placeholder
PROV_9999984997,ANDOR_ORG_757,43,andor1000_placeholder
PROV_9999945899,ANDOR_ORG_572,43,andor1000_placeholder
PROV_9999983791,ANDOR_ORG_613,43,andor1000_placeholder
PROV_9999967992,ANDOR_ORG_601,43,andor1000_placeholder
PROV_9999972992,ANDOR_ORG_677,43,andor1000_placeholder
PROV_9999942698,ANDOR_ORG_541,43,andor1000_placeholder
PROV_9999948794,ANDOR_ORG_562,42,andor1000_placeholder
PROV_9999993899,ANDOR_ORG_044,42,andor1000_placeholder
PROV_9999984799,ANDOR_ORG_693,42,andor1000_placeholder
PROV_9999946392,ANDOR_ORG_376,42,andor1000_placeholder
PROV_9999943894,ANDOR_ORG_650,42,andor1000_placeholder
PROV_9999985390,ANDOR_ORG_423,42,andor1000_placeholder
PROV_9999944991,ANDOR_ORG_330,42,andor1000_placeholder
PROV_9999968990,ANDOR_ORG_336,42,andor1000_placeholder
PROV_9999940197,ANDOR_ORG_077,42,andor1000_placeholder
PROV_9999945691,ANDOR_ORG_255,41,andor1000_placeholder
PROV_9999945493,ANDOR_ORG_102,41,andor1000_placeholder
PROV_9999916890,ANDOR_ORG_493,41,andor1000_placeholder
PROV_9999981191,ANDOR_ORG_371,41,andor1000_placeholder
PROV_9999956599,ANDOR_ORG_410,41,andor1000_placeholder
PROV_9999957795,ANDOR_ORG_298,40,andor1000_placeholder
PROV_9999998997,ANDOR_ORG_517,40,andor1000_placeholder
PROV_9999953299,ANDOR_ORG_642,39,andor1000_placeholder
PROV_9999948596,ANDOR_ORG_405,39,andor1000_placeholder
PROV_9999979294,ANDOR_ORG_681,39,andor1000_placeholder
PROV_9999971697,ANDOR_ORG_328,39,andor1000_placeholder
PROV_9999938696,ANDOR_ORG_053,39,andor1000_placeholder
PROV_9999949495,ANDOR_ORG_485,38,andor1000_placeholder
PROV_9999923995,ANDOR_ORG_488,38,andor1000_placeholder
PROV_9999953794,ANDOR_ORG_025,38,andor1000_placeholder
PROV_9999987099,ANDOR_ORG_217,38,andor1000_placeholder
PROV_9999962696,ANDOR_ORG_424,38,andor1000_placeholder
PROV_9999953695,ANDOR_ORG_313,37,andor1000_placeholder
PROV_9999952192,ANDOR_ORG_323,37,andor1000_placeholder
PROV_9999934398,ANDOR_ORG_674,37,andor1000_placeholder
PROV_9999957498,ANDOR_ORG_730,37,andor1000_placeholder
PROV_9999970699,ANDOR_ORG_475,36,andor1000_placeholder
PROV_9999951095,ANDOR_ORG_158,36,andor1000_placeholder
PROV_9999949990,ANDOR_ORG_547,36,andor1000_placeholder
PROV_9999980698,ANDOR_ORG_030,35,andor1000_placeholder
PROV_9999944793,ANDOR_ORG_737,35,andor1000_placeholder
PROV_9999940098,ANDOR_ORG_653,35,andor1000_placeholder
PROV_9999931097,ANDOR_ORG_005,35,andor1000_placeholder
PROV_9999943696,ANDOR_ORG_382,34,andor1000_placeholder
PROV_9999988998,ANDOR_ORG_454,34,andor1000_placeholder
PROV_9999963793,ANDOR_ORG_065,34,andor1000_placeholder
PROV_9999943092,ANDOR_ORG_690,34,andor1000_placeholder
PROV_9999947192,ANDOR_ORG_561,34,andor1000_placeholder
PROV_9999950998,ANDOR_ORG_583,34,andor1000_placeholder
PROV_9999978494,ANDOR_ORG_194,33,andor1000_placeholder
PROV_9999947499,ANDOR_ORG_285,33,andor1000_placeholder
PROV_9999941195,ANDOR_ORG_545,33,andor1000_placeholder
PROV_9999947390,ANDOR_ORG_064,33,andor1000_placeholder
PROV_9999980599,ANDOR_ORG_482,33,andor1000_placeholder
PROV_9999932996,ANDOR_ORG_600,32,andor1000_placeholder
PROV_9999960492,ANDOR_ORG_024,32,andor1000_placeholder
PROV_9999895391,ANDOR_ORG_305,32,andor1000_placeholder
PROV_9999944694,ANDOR_ORG_519,32,andor1000_placeholder
PROV_9999969295,ANDOR_ORG_184,32,andor1000_placeholder
PROV_9999980797,ANDOR_ORG_682,32,andor1000_placeholder
PROV_9999960096,ANDOR_ORG_230,32,andor1000_placeholder
PROV_9999959692,ANDOR_ORG_421,32,andor1000_placeholder
PROV_9999947697,ANDOR_ORG_295,32,andor1000_placeholder
PROV_9999948893,ANDOR_ORG_584,32,andor1000_placeholder
PROV_9999961292,ANDOR_ORG_344,32,andor1000_placeholder
PROV_9999960690,ANDOR_ORG_097,32,andor1000_placeholder
PROV_9999973891,ANDOR_ORG_191,31,andor1000_placeholder
PROV_9999960294,ANDOR_ORG_537,31,andor1000_placeholder
PROV_9999939298,ANDOR_ORG_684,31,andor1000_placeholder
PROV_9999954198,ANDOR_ORG_430,30,andor1000_placeholder
PROV_9999986299,ANDOR_ORG_609,30,andor1000_placeholder
PROV_9999934497,ANDOR_ORG_315,30,andor1000_placeholder
PROV_9999937995,ANDOR_ORG_303,30,andor1000_placeholder
PROV_9999939793,ANDOR_ORG_284,30,andor1000_placeholder
PROV_9999938092,ANDOR_ORG_095,30,andor1000_placeholder
PROV_9999939090,ANDOR_ORG_528,30,andor1000_placeholder
PROV_9999947895,ANDOR_ORG_104,30,andor1000_placeholder
PROV_9999943795,ANDOR_ORG_106,29,andor1000_placeholder
PROV_9999938290,ANDOR_ORG_120,29,andor1000_placeholder
PROV_9999908491,ANDOR_ORG_143,29,andor1000_placeholder
PROV_9999934992,ANDOR_ORG_662,29,andor1000_placeholder
PROV_9999978197,ANDOR_ORG_575,28,andor1000_placeholder
PROV_9999942292,ANDOR_ORG_408,28,andor1000_placeholder
PROV_9999980391,ANDOR_ORG_086,28,andor1000_placeholder
PROV_9999974295,ANDOR_ORG_121,28,andor1000_placeholder
PROV_9999946293,ANDOR_ORG_021,28,andor1000_placeholder
PROV_9999935197,ANDOR_ORG_591,28,andor1000_placeholder
PROV_9999941492,ANDOR_ORG_335,28,andor1000_placeholder
PROV_9999901298,ANDOR_ORG_635,27,andor1000_placeholder
PROV_9999942797,ANDOR_ORG_004,27,andor1000_placeholder
PROV_9999970590,ANDOR_ORG_437,27,andor1000_placeholder
PROV_9999937490,ANDOR_ORG_263,27,andor1000_placeholder
PROV_9999981092,ANDOR_ORG_638,27,andor1000_placeholder
PROV_9999973792,ANDOR_ORG_388,27,andor1000_placeholder
PROV_9999926295,ANDOR_ORG_070,27,andor1000_placeholder
PROV_9999968891,ANDOR_ORG_663,27,andor1000_placeholder
PROV_9999969196,ANDOR_ORG_486,26,andor1000_placeholder
PROV_9999948398,ANDOR_ORG_322,26,andor1000_placeholder
PROV_9999938498,ANDOR_ORG_492,26,andor1000_placeholder
PROV_9999955898,ANDOR_ORG_148,26,andor1000_placeholder
PROV_9999934893,ANDOR_ORG_439,26,andor1000_placeholder
PROV_9999962597,ANDOR_ORG_602,26,andor1000_placeholder
PROV_9999981498,ANDOR_ORG_197,25,andor1000_placeholder
PROV_9999973495,ANDOR_ORG_465,25,andor1000_placeholder
PROV_9999980995,ANDOR_ORG_357,25,andor1000_placeholder
PROV_9999964098,ANDOR_ORG_015,25,andor1000_placeholder
PROV_9999987495,ANDOR_ORG_654,25,andor1000_placeholder
PROV_9999948091,ANDOR_ORG_037,25,andor1000_placeholder
PROV_9999974493,ANDOR_ORG_658,25,andor1000_placeholder
PROV_9999958496,ANDOR_ORG_280,25,andor1000_placeholder
PROV_9999896290,ANDOR_ORG_286,24,andor1000_placeholder
PROV_9999949198,ANDOR_ORG_345,24,andor1000_placeholder
PROV_9999948190,ANDOR_ORG_179,24,andor1000_placeholder
PROV_9999986091,ANDOR_ORG_620,24,andor1000_placeholder
PROV_9999932194,ANDOR_ORG_297,24,andor1000_placeholder
PROV_9999952598,ANDOR_ORG_113,23,andor1000_placeholder
PROV_9999904698,ANDOR_ORG_645,23,andor1000_placeholder
PROV_9999895490,ANDOR_ORG_058,23,andor1000_placeholder
PROV_9999921197,ANDOR_ORG_135,23,andor1000_placeholder
PROV_9999952697,ANDOR_ORG_339,23,andor1000_placeholder
PROV_9999964395,ANDOR_ORG_229,23,andor1000_placeholder
PROV_9999926196,ANDOR_ORG_755,23,andor1000_placeholder
PROV_9999906693,ANDOR_ORG_287,22,andor1000_placeholder
PROV_9999923292,ANDOR_ORG_770,22,andor1000_placeholder
PROV_9999964791,ANDOR_ORG_538,22,andor1000_placeholder
PROV_9999915991,ANDOR_ORG_431,22,andor1000_placeholder
PROV_9999928390,ANDOR_ORG_334,22,andor1000_placeholder
PROV_9999938894,ANDOR_ORG_238,22,andor1000_placeholder
PROV_9999965491,ANDOR_ORG_416,22,andor1000_placeholder
PROV_9999959791,ANDOR_ORG_362,22,andor1000_placeholder
PROV_9999954594,ANDOR_ORG_414,22,andor1000_placeholder
PROV_9999979096,ANDOR_ORG_144,22,andor1000_placeholder
PROV_9999946699,ANDOR_ORG_542,22,andor1000_placeholder
PROV_9999935296,ANDOR_ORG_208,21,andor1000_placeholder
PROV_9999994392,ANDOR_ORG_472,21,andor1000_placeholder
PROV_9999912592,ANDOR_ORG_177,21,andor1000_placeholder
PROV_9999939991,ANDOR_ORG_428,21,andor1000_placeholder
PROV_9999930495,ANDOR_ORG_199,21,andor1000_placeholder
PROV_9999983098,ANDOR_ORG_741,21,andor1000_placeholder
PROV_9999953398,ANDOR_ORG_389,21,andor1000_placeholder
PROV_9999970996,ANDOR_ORG_043,21,andor1000_placeholder
PROV_9999950097,ANDOR_ORG_427,21,andor1000_placeholder
PROV_9999965194,ANDOR_ORG_387,20,andor1000_placeholder
PROV_9999924290,ANDOR_ORG_137,20,andor1000_placeholder
PROV_9999917195,ANDOR_ORG_590,20,andor1000_placeholder
PROV_9999988394,ANDOR_ORG_514,20,andor1000_placeholder
PROV_9999985796,ANDOR_ORG_170,20,andor1000_placeholder
PROV_9999957597,ANDOR_ORG_567,20,andor1000_placeholder
PROV_9999961599,ANDOR_ORG_605,20,andor1000_placeholder
PROV_9999962993,ANDOR_ORG_511,20,andor1000_placeholder
PROV_9999944892,ANDOR_ORG_268,20,andor1000_placeholder
PROV_9999960393,ANDOR_ORG_726,20,andor1000_placeholder
PROV_9999961391,ANDOR_ORG_319,20,andor1000_placeholder
PROV_9999978692,ANDOR_ORG_409,19,andor1000_placeholder
PROV_9999931394,ANDOR_ORG_396,19,andor1000_placeholder
PROV_9999980193,ANDOR_ORG_046,19,andor1000_placeholder
PROV_9999931691,ANDOR_ORG_688,19,andor1000_placeholder
PROV_9999954792,ANDOR_ORG_145,19,andor1000_placeholder
PROV_9999988295,ANDOR_ORG_221,19,andor1000_placeholder
PROV_9999939892,ANDOR_ORG_174,19,andor1000_placeholder
PROV_9999944199,ANDOR_ORG_117,19,andor1000_placeholder
PROV_9999981795,ANDOR_ORG_751,19,andor1000_placeholder
PROV_9999913699,ANDOR_ORG_669,18,andor1000_placeholder
PROV_9999967695,ANDOR_ORG_593,18,andor1000_placeholder
PROV_9999959197,ANDOR_ORG_698,18,andor1000_placeholder
PROV_9999894998,ANDOR_ORG_763,18,andor1000_placeholder
PROV_9999964296,ANDOR_ORG_138,18,andor1000_placeholder
PROV_9999966598,ANDOR_ORG_520,18,andor1000_placeholder
PROV_9999938399,ANDOR_ORG_052,18,andor1000_placeholder
PROV_9999958397,ANDOR_ORG_588,17,andor1000_placeholder
PROV_9999960997,ANDOR_ORG_266,17,andor1000_placeholder
PROV_9999996793,ANDOR_ORG_110,17,andor1000_placeholder
PROV_9999923896,ANDOR_ORG_516,17,andor1000_placeholder
PROV_9999954891,ANDOR_ORG_725,17,andor1000_placeholder
PROV_9999953992,ANDOR_ORG_476,17,andor1000_placeholder
PROV_9999940395,ANDOR_ORG_302,17,andor1000_placeholder
PROV_9999974196,ANDOR_ORG_666,16,andor1000_placeholder
PROV_9999957696,ANDOR_ORG_270,16,andor1000_placeholder
PROV_9999965590,ANDOR_ORG_418,16,andor1000_placeholder
PROV_9999927897,ANDOR_ORG_505,16,andor1000_placeholder
PROV_9999955997,ANDOR_ORG_720,16,andor1000_placeholder
PROV_9999959890,ANDOR_ORG_271,16,andor1000_placeholder
PROV_9999981993,ANDOR_ORG_116,16,andor1000_placeholder
PROV_9999968198,ANDOR_ORG_200,16,andor1000_placeholder
PROV_9999963090,ANDOR_ORG_361,15,andor1000_placeholder
PROV_9999907899,ANDOR_ORG_038,15,andor1000_placeholder
PROV_9999918094,ANDOR_ORG_459,15,andor1000_placeholder
PROV_9999944496,ANDOR_ORG_250,15,andor1000_placeholder
PROV_9999944298,ANDOR_ORG_442,15,andor1000_placeholder
PROV_9999964494,ANDOR_ORG_715,15,andor1000_placeholder
PROV_9999955294,ANDOR_ORG_709,15,andor1000_placeholder
PROV_9999983692,ANDOR_ORG_042,15,andor1000_placeholder
PROV_9999943191,ANDOR_ORG_293,15,andor1000_placeholder
PROV_9999956193,ANDOR_ORG_554,15,andor1000_placeholder
PROV_9999924191,ANDOR_ORG_420,14,andor1000_placeholder
PROV_9999966697,ANDOR_ORG_444,14,andor1000_placeholder
PROV_9999994699,ANDOR_ORG_508,14,andor1000_placeholder
PROV_9999960591,ANDOR_ORG_020,14,andor1000_placeholder
PROV_9999916494,ANDOR_ORG_296,14,andor1000_placeholder
PROV_9999922690,ANDOR_ORG_311,14,andor1000_placeholder
PROV_9999974691,ANDOR_ORG_736,14,andor1000_placeholder
PROV_9999949396,ANDOR_ORG_118,14,andor1000_placeholder
PROV_9999922096,ANDOR_ORG_594,14,andor1000_placeholder
PROV_9999959395,ANDOR_ORG_317,14,andor1000_placeholder
PROV_9999969899,ANDOR_ORG_168,14,andor1000_placeholder
PROV_9999956391,ANDOR_ORG_153,14,andor1000_placeholder
PROV_9999905299,ANDOR_ORG_300,14,andor1000_placeholder
PROV_9999963199,ANDOR_ORG_233,14,andor1000_placeholder
PROV_9999966093,ANDOR_ORG_665,14,andor1000_placeholder
PROV_9999941898,ANDOR_ORG_032,14,andor1000_placeholder
PROV_9999961896,ANDOR_ORG_289,14,andor1000_placeholder
PROV_9999962498,ANDOR_ORG_151,14,andor1000_placeholder
PROV_9999901595,ANDOR_ORG_274,13,andor1000_placeholder
PROV_9999931295,ANDOR_ORG_175,13,andor1000_placeholder
PROV_9999922195,ANDOR_ORG_675,13,andor1000_placeholder
PROV_9999987297,ANDOR_ORG_696,13,andor1000_placeholder
PROV_9999924696,ANDOR_ORG_449,13,andor1000_placeholder
PROV_9999947093,ANDOR_ORG_089,13,andor1000_placeholder
PROV_9999901991,ANDOR_ORG_748,13,andor1000_placeholder
PROV_9999945394,ANDOR_ORG_062,13,andor1000_placeholder
PROV_9999900498,ANDOR_ORG_680,13,andor1000_placeholder
PROV_9999959098,ANDOR_ORG_758,13,andor1000_placeholder
PROV_9999937797,ANDOR_ORG_556,13,andor1000_placeholder
PROV_9999935999,ANDOR_ORG_548,13,andor1000_placeholder
PROV_9999958892,ANDOR_ORG_721,13,andor1000_placeholder
PROV_9999982793,ANDOR_ORG_582,13,andor1000_placeholder
PROV_9999957092,ANDOR_ORG_574,13,andor1000_placeholder
PROV_9999939595,ANDOR_ORG_218,13,andor1000_placeholder
PROV_9999962795,ANDOR_ORG_621,12,andor1000_placeholder
PROV_9999966192,ANDOR_ORG_253,12,andor1000_placeholder
PROV_9999935098,ANDOR_ORG_231,12,andor1000_placeholder
PROV_9999915694,ANDOR_ORG_141,12,andor1000_placeholder
PROV_9999967596,ANDOR_ORG_264,12,andor1000_placeholder
PROV_9999967794,ANDOR_ORG_161,12,andor1000_placeholder
PROV_9999927996,ANDOR_ORG_085,12,andor1000_placeholder
PROV_9999956797,ANDOR_ORG_510,11,andor1000_placeholder
PROV_9999920595,ANDOR_ORG_749,11,andor1000_placeholder
PROV_9999931998,ANDOR_ORG_176,11,andor1000_placeholder
PROV_9999937193,ANDOR_ORG_657,11,andor1000_placeholder
PROV_9999918193,ANDOR_ORG_355,11,andor1000_placeholder
PROV_9999903799,ANDOR_ORG_133,11,andor1000_placeholder
PROV_9999966499,ANDOR_ORG_612,11,andor1000_placeholder
PROV_9999958793,ANDOR_ORG_049,11,andor1000_placeholder
PROV_9999915892,ANDOR_ORG_717,10,andor1000_placeholder
PROV_9999913798,ANDOR_ORG_279,10,andor1000_placeholder
PROV_9999895896,ANDOR_ORG_532,10,andor1000_placeholder
PROV_9999950196,ANDOR_ORG_337,10,andor1000_placeholder
PROV_9999987990,ANDOR_ORG_195,10,andor1000_placeholder
PROV_9999958595,ANDOR_ORG_434,10,andor1000_placeholder
PROV_9999953497,ANDOR_ORG_604,10,andor1000_placeholder
PROV_9999941294,ANDOR_ORG_360,10,andor1000_placeholder
PROV_9999942995,ANDOR_ORG_586,10,andor1000_placeholder
PROV_9999951996,ANDOR_ORG_727,10,andor1000_placeholder
PROV_9999957894,ANDOR_ORG_306,10,andor1000_placeholder
PROV_9999889295,ANDOR_ORG_536,9,andor1000_placeholder
PROV_9999896993,ANDOR_ORG_711,9,andor1000_placeholder
PROV_9999913392,ANDOR_ORG_633,9,andor1000_placeholder
PROV_9999924498,ANDOR_ORG_149,9,andor1000_placeholder
PROV_9999923599,ANDOR_ORG_292,9,andor1000_placeholder
PROV_9999975896,ANDOR_ORG_124,9,andor1000_placeholder
PROV_9999910497,ANDOR_ORG_722,9,andor1000_placeholder
PROV_9999972299,ANDOR_ORG_243,9,andor1000_placeholder
PROV_9999963496,ANDOR_ORG_152,9,andor1000_placeholder
PROV_9999934794,ANDOR_ORG_067,9,andor1000_placeholder
PROV_9999949693,ANDOR_ORG_186,9,andor1000_placeholder
PROV_9999937292,ANDOR_ORG_502,9,andor1000_placeholder
PROV_9999969592,ANDOR_ORG_676,9,andor1000_placeholder
PROV_9999985895,ANDOR_ORG_573,8,andor1000_placeholder
PROV_9999899898,ANDOR_ORG_103,8,andor1000_placeholder
PROV_9999958199,ANDOR_ORG_308,8,andor1000_placeholder
PROV_9999990291,ANDOR_ORG_189,8,andor1000_placeholder
PROV_9999922294,ANDOR_ORG_354,8,andor1000_placeholder
PROV_9999888495,ANDOR_ORG_252,8,andor1000_placeholder
PROV_9999975094,ANDOR_ORG_615,8,andor1000_placeholder
PROV_9999924795,ANDOR_ORG_160,8,andor1000_placeholder
PROV_9999906297,ANDOR_ORG_397,8,andor1000_placeholder
PROV_9999986190,ANDOR_ORG_188,8,andor1000_placeholder
PROV_9999921692,ANDOR_ORG_034,7,andor1000_placeholder
PROV_9999967190,ANDOR_ORG_695,7,andor1000_placeholder
PROV_9999924894,ANDOR_ORG_269,7,andor1000_placeholder
PROV_9999907196,ANDOR_ORG_761,7,andor1000_placeholder
PROV_9999920298,ANDOR_ORG_614,7,andor1000_placeholder
PROV_9999955492,ANDOR_ORG_203,7,andor1000_placeholder
PROV_9999922799,ANDOR_ORG_365,7,andor1000_placeholder
PROV_9999931790,ANDOR_ORG_232,7,andor1000_placeholder
PROV_9999991497,ANDOR_ORG_526,7,andor1000_placeholder
PROV_9999977793,ANDOR_ORG_585,7,andor1000_placeholder
PROV_9999945790,ANDOR_ORG_436,7,andor1000_placeholder
PROV_9999968594,ANDOR_ORG_429,6,andor1000_placeholder
PROV_9999933796,ANDOR_ORG_301,6,andor1000_placeholder
PROV_9999898098,ANDOR_ORG_546,6,andor1000_placeholder
PROV_9999896597,ANDOR_ORG_245,6,andor1000_placeholder
PROV_9999912691,ANDOR_ORG_211,6,andor1000_placeholder
PROV_9999897793,ANDOR_ORG_045,6,andor1000_placeholder
PROV_9999909994,ANDOR_ORG_226,6,andor1000_placeholder
PROV_9999902692,ANDOR_ORG_750,6,andor1000_placeholder
PROV_9999973693,ANDOR_ORG_708,6,andor1000_placeholder
PROV_9999961797,ANDOR_ORG_048,6,andor1000_placeholder
PROV_9999951293,ANDOR_ORG_379,6,andor1000_placeholder
PROV_9999918995,ANDOR_ORG_011,5,andor1000_placeholder
PROV_9999921098,ANDOR_ORG_390,5,andor1000_placeholder
PROV_9999954099,ANDOR_ORG_164,5,andor1000_placeholder
PROV_9999912196,ANDOR_ORG_716,5,andor1000_placeholder
PROV_9999937391,ANDOR_ORG_087,5,andor1000_placeholder
PROV_9999960195,ANDOR_ORG_579,5,andor1000_placeholder
PROV_9999953190,ANDOR_ORG_171,5,andor1000_placeholder
PROV_9999941591,ANDOR_ORG_469,5,andor1000_placeholder
PROV_9999975391,ANDOR_ORG_603,5,andor1000_placeholder
PROV_9999888891,ANDOR_ORG_241,4,andor1000_placeholder
PROV_9999901793,ANDOR_ORG_018,4,andor1000_placeholder
PROV_9999918292,ANDOR_ORG_267,4,andor1000_placeholder
PROV_9999908996,ANDOR_ORG_281,4,andor1000_placeholder
PROV_9999896191,ANDOR_ORG_307,4,andor1000_placeholder
PROV_9999975995,ANDOR_ORG_343,4,andor1000_placeholder
PROV_9999922393,ANDOR_ORG_172,4,andor1000_placeholder
PROV_9999927798,ANDOR_ORG_028,4,andor1000_placeholder
PROV_9999935494,ANDOR_ORG_236,4,andor1000_placeholder
PROV_9999922997,ANDOR_ORG_687,4,andor1000_placeholder
PROV_9999923490,ANDOR_ORG_363,4,andor1000_placeholder
PROV_9999921999,ANDOR_ORG_689,4,andor1000_placeholder
PROV_9999913897,ANDOR_ORG_165,4,andor1000_placeholder
PROV_9999982991,ANDOR_ORG_533,4,andor1000_placeholder
PROV_9999922898,ANDOR_ORG_169,4,andor1000_placeholder
PROV_9999920694,ANDOR_ORG_142,4,andor1000_placeholder
PROV_9999925495,ANDOR_ORG_031,4,andor1000_placeholder
PROV_9999925198,ANDOR_ORG_455,4,andor1000_placeholder
PROV_9999895995,ANDOR_ORG_611,3,andor1000_placeholder
PROV_9999919191,ANDOR_ORG_185,3,andor1000_placeholder
PROV_9999914499,ANDOR_ORG_622,3,andor1000_placeholder
PROV_9999915496,ANDOR_ORG_473,3,andor1000_placeholder
PROV_9999899591,ANDOR_ORG_321,3,andor1000_placeholder
PROV_9999909291,ANDOR_ORG_242,3,andor1000_placeholder
PROV_9999890095,ANDOR_ORG_740,3,andor1000_placeholder
PROV_9999918490,ANDOR_ORG_324,3,andor1000_placeholder
PROV_9999903898,ANDOR_ORG_484,3,andor1000_placeholder
PROV_9999887190,ANDOR_ORG_023,3,andor1000_placeholder
PROV_9999914796,ANDOR_ORG_393,3,andor1000_placeholder
PROV_9999965897,ANDOR_ORG_694,3,andor1000_placeholder
PROV_9999917393,ANDOR_ORG_395,3,andor1000_placeholder
PROV_9999916999,ANDOR_ORG_623,3,andor1000_placeholder
PROV_9999888594,ANDOR_ORG_704,3,andor1000_placeholder
PROV_9999900894,ANDOR_ORG_098,3,andor1000_placeholder
PROV_9999917492,ANDOR_ORG_523,3,andor1000_placeholder
PROV_9999917898,ANDOR_ORG_136,3,andor1000_placeholder
PROV_9999930693,ANDOR_ORG_190,3,andor1000_placeholder
PROV_9999924092,ANDOR_ORG_728,3,andor1000_placeholder
PROV_9999888693,ANDOR_ORG_413,3,andor1000_placeholder
PROV_9999890996,ANDOR_ORG_206,3,andor1000_placeholder
PROV_9999885194,ANDOR_ORG_464,3,andor1000_placeholder
PROV_9999919597,ANDOR_ORG_540,2,andor1000_placeholder
PROV_9999909192,ANDOR_ORG_384,2,andor1000_placeholder
PROV_9999896894,ANDOR_ORG_291,2,andor1000_placeholder
PROV_9999913996,ANDOR_ORG_563,2,andor1000_placeholder
PROV_9999902791,ANDOR_ORG_714,2,andor1000_placeholder
PROV_9999883397,ANDOR_ORG_173,2,andor1000_placeholder
PROV_9999917096,ANDOR_ORG_039,2,andor1000_placeholder
PROV_9999920793,ANDOR_ORG_099,2,andor1000_placeholder
PROV_9999883496,ANDOR_ORG_178,2,andor1000_placeholder
PROV_9999917591,ANDOR_ORG_724,2,andor1000_placeholder
PROV_9999889592,ANDOR_ORG_066,2,andor1000_placeholder
PROV_9999915397,ANDOR_ORG_262,2,andor1000_placeholder
PROV_9999891895,ANDOR_ORG_753,2,andor1000_placeholder
PROV_9999910695,ANDOR_ORG_643,2,andor1000_placeholder
PROV_9999885293,ANDOR_ORG_234,2,andor1000_placeholder
PROV_9999894592,ANDOR_ORG_080,2,andor1000_placeholder
PROV_9999882399,ANDOR_ORG_555,2,andor1000_placeholder
PROV_9999893792,ANDOR_ORG_223,2,andor1000_placeholder
PROV_9999882597,ANDOR_ORG_139,2,andor1000_placeholder
PROV_9999916296,ANDOR_ORG_008,2,andor1000_placeholder
PROV_9999904797,ANDOR_ORG_342,2,andor1000_placeholder
PROV_9999907790,ANDOR_ORG_240,2,andor1000_placeholder
PROV_9999889493,ANDOR_ORG_294,2,andor1000_placeholder
PROV_9999913491,ANDOR_ORG_276,2,andor1000_placeholder
PROV_9999892695,ANDOR_ORG_701,2,andor1000_placeholder
PROV_9999921395,ANDOR_ORG_648,2,andor1000_placeholder
PROV_9999919399,ANDOR_ORG_182,2,andor1000_placeholder
PROV_9999896498,ANDOR_ORG_619,2,andor1000_placeholder
PROV_9999905497,ANDOR_ORG_731,2,andor1000_placeholder
PROV_9999907998,ANDOR_ORG_204,2,andor1000_placeholder
PROV_9999906198,ANDOR_ORG_506,1,andor1000_placeholder
PROV_9999914291,ANDOR_ORG_115,1,andor1000_placeholder
PROV_9999887695,ANDOR_ORG_522,1,andor1000_placeholder
PROV_9999884593,ANDOR_ORG_543,1,andor1000_placeholder
PROV_9999909697,ANDOR_ORG_692,1,andor1000_placeholder
PROV_9999916593,ANDOR_ORG_745,1,andor1000_placeholder
PROV_9999902494,ANDOR_ORG_559,1,andor1000_placeholder
PROV_9999882993,ANDOR_ORG_641,1,andor1000_placeholder
PROV_9999910794,ANDOR_ORG_504,1,andor1000_placeholder
PROV_9999917799,ANDOR_ORG_765,1,andor1000_placeholder
PROV_9999918391,ANDOR_ORG_332,1,andor1000_placeholder
PROV_9999887398,ANDOR_ORG_316,1,andor1000_placeholder
PROV_9999891697,ANDOR_ORG_732,1,andor1000_placeholder
PROV_9999896795,ANDOR_ORG_447,1,andor1000_placeholder
PROV_9999900092,ANDOR_ORG_072,1,andor1000_placeholder
PROV_9999920199,ANDOR_ORG_378,1,andor1000_placeholder
PROV_9999891796,ANDOR_ORG_283,1,andor1000_placeholder
PROV_9999903690,ANDOR_ORG_610,1,andor1000_placeholder
PROV_9999885491,ANDOR_ORG_756,1,andor1000_placeholder
PROV_9999887299,ANDOR_ORG_529,1,andor1000_placeholder
PROV_9999894493,ANDOR_ORG_326,1,andor1000_placeholder
PROV_9999898890,ANDOR_ORG_634,1,andor1000_placeholder
PROV_9999905398,ANDOR_ORG_187,1,andor1000_placeholder
PROV_9999911099,ANDOR_ORG_565,1,andor1000_placeholder
PROV_9999883793,ANDOR_ORG_352,1,andor1000_placeholder
PROV_9999910190,ANDOR_ORG_227,1,andor1000_placeholder
PROV_9999898197,ANDOR_ORG_383,1,andor1000_placeholder
PROV_9999914994,ANDOR_ORG_209,1,andor1000_placeholder
PROV_9999897496,ANDOR_ORG_014,1,andor1000_placeholder
PROV_9999908095,ANDOR_ORG_114,1,andor1000_placeholder
PROV_9999930396,ANDOR_ORG_497,1,andor1000_placeholder
PROV_9999917690,ANDOR_ORG_490,1,andor1000_placeholder
PROV_9999928796,ANDOR_ORG_557,1,andor1000_placeholder
PROV_9999904896,ANDOR_ORG_128,1,andor1000_placeholder
PROV_9999897595,ANDOR_ORG_275,1,andor1000_placeholder
PROV_9999907394,ANDOR_ORG_498,1,andor1000_placeholder
PROV_9999919092,ANDOR_ORG_074,1,andor1000_placeholder
PROV_9999968396,ANDOR_ORG_491,1,andor1000_placeholder
PROV_9999890798,ANDOR_ORG_699,1,andor1000_placeholder
PROV_9999893594,ANDOR_ORG_375,1,andor1000_placeholder
PROV_9999906396,ANDOR_ORG_071,1,andor1000_placeholder
PROV_9999907493,ANDOR_ORG_631,1,andor1000_placeholder
PROV_9999906495,ANDOR_ORG_366,1,andor1000_placeholder
PROV_9999967398,ANDOR_ORG_535,1,andor1000_placeholder
PROV_9999888792,ANDOR_ORG_205,1,andor1000_placeholder
PROV_9999898593,ANDOR_ORG_568,1,andor1000_placeholder
PROV_9999977595,ANDOR_ORG_769,1,andor1000_placeholder
PROV_9999908392,ANDOR_ORG_180,1,andor1000_placeholder
PROV_9999983890,ANDOR_ORG_333,1,andor1000_placeholder
PROV_9999913590,ANDOR_ORG_278,1,andor1000_placeholder
PROV_9999886192,ANDOR_ORG_403,1,andor1000_placeholder
PROV_9999891499,ANDOR_ORG_549,1,andor1000_placeholder
PROV_9999911396,ANDOR_ORG_607,1,andor1000_placeholder
PROV_9999914895,ANDOR_ORG_035,1,andor1000_placeholder
PROV_9999883694,ANDOR_ORG_404,1,andor1000_placeholder
PROV_9999918698,ANDOR_ORG_214,1,andor1000_placeholder
PROV_9999918797,ANDOR_ORG_513,1,andor1000_placeholder
PROV_9999905596,ANDOR_ORG_718,1,andor1000_placeholder
PROV_9999891598,ANDOR_ORG_735,1,andor1000_placeholder
PROV_9999917997,ANDOR_ORG_501,1,andor1000_placeholder
PROV_9999986794,ANDOR_ORG_057,1,andor1000_placeholder
PROV_9999903591,ANDOR_ORG_550,1,andor1000_placeholder
PROV_9999898999,ANDOR_ORG_762,1,andor1000_placeholder
PROV_9999963892,ANDOR_ORG_027,1,andor1000_placeholder
PROV_9999956292,ANDOR_ORG_667,1,andor1000_placeholder
PROV_9999904391,ANDOR_ORG_661,1,andor1000_placeholder
PROV_9999901496,ANDOR_ORG_754,1,andor1000_placeholder
PROV_9999919894,ANDOR_ORG_210,1,andor1000_placeholder
PROV_9999918599,ANDOR_ORG_331,1,andor1000_placeholder
PROV_9999887091,ANDOR_ORG_639,1,andor1000_placeholder
PROV_9999921890,ANDOR_ORG_040,1,andor1000_placeholder
PROV_9999923094,ANDOR_ORG_569,1,andor1000_placeholder
PROV_9999910091,ANDOR_ORG_033,1,andor1000_placeholder
PROV_9999912493,ANDOR_ORG_578,1,andor1000_placeholder
PROV_9999909390,ANDOR_ORG_531,1,andor1000_placeholder
PROV_9999892596,ANDOR_ORG_061,1,andor1000_placeholder
PROV_9999891291,ANDOR_ORG_627,1,andor1000_placeholder
PROV_9999899294,ANDOR_ORG_746,1,andor1000_placeholder
PROV_9999897694,ANDOR_ORG_259,1,andor1000_placeholder
PROV_9999901090,ANDOR_ORG_310,1,andor1000_placeholder
